Year,Manufacturer,Fuel Type,Number of vehicles,OBFCM Fuel consumption (l/100 km),WLTP Fuel consumption (l/100 km),absolute gap Fuel consumption (l/100 km),percentage gap Fuel consumption (%),OBFCM CO2 emissions (g/km),WLTP CO2 emissions (g/km),absolute gap CO2 emissions (g/km),percentage gap CO2 emissions (%),OBFCM Fuel consumption weighted (l/100 km),WLTP Fuel consumption weighted (l/100 km),absolute gap Fuel consumption weighted (l/100 km),percentage gap Fuel consumption weighted (%),OBFCM CO2 emissions weighted (g/km),WLTP CO2 emissions weighted (g/km),absolute gap CO2 emissions weighted (g/km),percentage gap CO2 emissions weighted (%)
2021,SEAT,DIESEL,11547,6.43,5.23,1.2,23,169.2,137.57,31.64,23,6.36,5.2,1.16,22.39,167.32,136.71,30.61,22.39
2021,OPEL AUTOMOBILE,PETROL/ELECTRIC,3316,5.3,1.36,3.94,289.21,120.83,31.04,89.78,289.21,5.52,1.36,4.16,305.07,125.7,31.03,94.67,305.07
2022,BMW GMBH,PETROL,4929,14.14,10.79,3.35,31.03,322.08,245.81,76.27,31.03,13.83,10.91,2.92,26.76,314.95,248.46,66.5,26.76
2021,FERRARI,PETROL,318,15.89,11.23,4.66,41.54,362.07,255.81,106.25,41.54,14.97,11.22,3.75,33.42,341.09,255.64,85.45,33.42
2021,GENERAL MOTORS HOLDINGS,PETROL,28,13.81,12.16,1.65,13.55,314.55,277,37.55,13.55,14.13,12.16,1.97,16.17,321.79,277,44.79,16.17
2022,AUDI HUNGARIA,PETROL,578,8.95,7.46,1.5,20.07,203.95,169.85,34.1,20.07,8.72,7.48,1.24,16.56,198.65,170.42,28.23,16.56
2021,HYUNDAI CZECH,PETROL/ELECTRIC,12,5.6,1.36,4.24,311.51,127.57,31,96.57,311.51,5.2,1.36,3.84,281.84,118.37,31,87.37,281.84
2021,AUDI SPORT,PETROL,3320,12.69,11.21,1.48,13.23,289.18,255.38,33.8,13.23,11.32,11.21,0.11,0.99,257.93,255.4,2.53,0.99
2023,MERCEDES-BENZ AG,DIESEL/ELECTRIC,8981,5.6,0.9,4.7,520.57,147.31,23.74,123.57,520.57,5.95,1.01,4.94,487.93,156.45,26.61,129.84,487.93
2021,NISSAN AUTOMOTIVE EUROPE,DIESEL,195,8.9,7.26,1.64,22.51,234.15,191.13,43.02,22.51,8.73,7.26,1.48,20.35,229.77,190.91,38.86,20.35
2021,TOYOTA MOTOR CORPORATION,PETROL,9126,4.77,4.73,0.04,0.8,108.71,107.84,0.86,0.8,4.74,4.72,0.01,0.31,107.89,107.56,0.33,0.31
2023,KIA,DIESEL,77,7.6,6.51,1.09,16.76,199.94,171.25,28.7,16.76,7.59,6.5,1.08,16.68,199.63,171.1,28.53,16.68
2022,STELLANTIS AUTO,PETROL,44729,6.7,5.54,1.16,20.87,152.6,126.25,26.35,20.87,6.61,5.57,1.05,18.83,150.67,126.79,23.87,18.83
2022,HYUNDAI CZECH,PETROL/ELECTRIC,33,6.27,1.36,4.91,361.04,142.92,31,111.92,361.04,6.29,1.36,4.93,362.07,143.24,31,112.24,362.07
2021,KIA,DIESEL,599,7.63,6.66,0.97,14.53,200.67,175.22,25.45,14.53,7.63,6.66,0.97,14.58,200.83,175.27,25.56,14.58
2022,AUTOMOBILES PEUGEOT,PETROL/ELECTRIC,7512,5.4,1.37,4.03,294.09,122.98,31.21,91.77,294.09,5.61,1.37,4.24,309.6,127.8,31.2,96.6,309.6
2023,VOLVO,DIESEL,11282,7.42,6.34,1.08,17.11,195.22,166.7,28.53,17.11,7.22,6.29,0.93,14.73,189.86,165.49,24.37,14.73
2023,GENERAL MOTORS HOLDINGS,PETROL,111,14.36,11.77,2.59,22,327.08,268.1,58.98,22,14.38,11.74,2.64,22.51,327.69,267.49,60.2,22.51
2023,BMW AG,PETROL/ELECTRIC,6,6.09,1.16,4.93,423.93,138.84,26.5,112.34,423.93,6.48,1.25,5.23,417.83,147.72,28.53,119.19,417.83
2022,ALPINE,PETROL,1523,9.67,6.78,2.88,42.48,220.19,154.55,65.65,42.48,9.69,6.78,2.91,42.86,220.67,154.47,66.2,42.86
2023,FORD WERKE GMBH,DIESEL,14968,7.57,6.68,0.89,13.25,199.04,175.76,23.29,13.25,7.46,6.56,0.9,13.74,196.3,172.58,23.72,13.74
2023,SUZUKI MOTOR CORPORATION,PETROL,1789,5.45,5.01,0.43,8.66,124.06,114.17,9.89,8.66,5.33,5.01,0.32,6.42,121.4,114.08,7.33,6.42
2023,AUDI HUNGARIA,PETROL,203,9.15,7.46,1.7,22.76,208.52,169.86,38.66,22.76,8.84,7.47,1.38,18.45,201.44,170.07,31.38,18.45
2022,RENAULT TRUCKS,DIESEL,7,9.12,7.35,1.77,24.07,239.82,193.29,46.53,24.07,8.99,7.35,1.64,22.3,236.54,193.41,43.13,22.3
2023,SKODA,DIESEL,19064,6.57,5.54,1.03,18.62,172.98,145.83,27.15,18.62,6.47,5.48,0.99,17.99,170.2,144.26,25.95,17.99
2023,PORSCHE,PETROL/ELECTRIC,961,10.55,2.79,7.76,278.1,240.44,63.59,176.85,278.1,10.92,3.11,7.81,251.4,248.84,70.81,178.02,251.4
2023,HYUNDAI ASSAN,PETROL,14,6.24,5.39,0.85,15.73,142.09,122.79,19.31,15.73,6.62,5.52,1.1,19.9,150.79,125.76,25.03,19.9
2023,HYUNDAI,DIESEL,2,9.8,8.63,1.18,13.62,257.92,227,30.92,13.62,10.88,8.69,2.18,25.13,286.14,228.67,57.47,25.13
2021,FORD MOTOR COMPANY,DIESEL,1,9.12,7.83,1.29,16.49,239.96,206,33.96,16.49,9.12,7.83,1.29,16.49,239.96,206,33.96,16.49
2021,PSA,DIESEL,50266,5.37,4.65,0.72,15.55,141.3,122.29,19.01,15.55,5.37,4.65,0.72,15.52,141.35,122.35,18.99,15.52
2021,AUTOMOBILES CITROEN,PETROL,15079,6.44,5.6,0.84,15.09,146.72,127.48,19.23,15.09,6.36,5.62,0.75,13.3,144.98,127.96,17.02,13.3
2022,AUTOMOBILES CITROEN,PETROL,12520,6.51,5.62,0.89,15.84,148.32,128.04,20.28,15.84,6.39,5.62,0.76,13.57,145.52,128.14,17.38,13.57
2022,NISSAN AUTOMOTIVE EUROPE,DIESEL,110,8.51,7.22,1.28,17.75,223.79,190.05,33.73,17.75,8.15,7.22,0.93,12.88,214.37,189.91,24.47,12.88
2021,BMW AG,DIESEL,144060,6.79,5.58,1.22,21.82,178.73,146.72,32.02,21.82,6.77,5.57,1.2,21.53,178.06,146.52,31.54,21.53
2023,CHRYSLER,DIESEL,1099,5.97,5.09,0.88,17.27,157.07,133.94,23.13,17.27,5.81,5.09,0.73,14.27,152.94,133.84,19.1,14.27
2022,VOLVO,PETROL/ELECTRIC,62989,5.97,1.49,4.48,301.15,136.01,33.91,102.11,301.15,6.17,1.44,4.73,327.56,140.59,32.88,107.7,327.56
2023,KIA SLOVAKIA,PETROL/ELECTRIC,819,5.11,1.22,3.9,319.59,116.5,27.76,88.73,319.59,5.19,1.22,3.97,325.16,118.2,27.8,90.4,325.16
2022,SKODA,DIESEL,74715,6.27,5.24,1.03,19.7,164.96,137.8,27.15,19.7,6.18,5.19,0.99,19.02,162.53,136.56,25.97,19.02
2022,CHRYSLER,DIESEL,6176,6.01,5.05,0.96,18.96,158.03,132.84,25.19,18.96,5.92,5.05,0.88,17.33,155.87,132.84,23.03,17.33
2022,MERCEDES-BENZ AG,DIESEL,125656,7.27,6.2,1.08,17.35,191.4,163.1,28.3,17.35,7.21,6.2,1.01,16.37,189.75,163.06,26.69,16.37
2021,HONDA MOTOR CO,PETROL,8546,5.51,5.32,0.2,3.71,125.61,121.12,4.49,3.71,5.71,5.55,0.16,2.82,130.08,126.5,3.57,2.82
2023,VOLVO,PETROL/ELECTRIC,18809,6.11,1.27,4.84,379.29,139.21,29.04,110.16,379.29,6.34,1.26,5.08,403.25,144.5,28.71,115.79,403.25
2023,JAGUAR LAND ROVER LIMITED,PETROL,4018,13.39,10.81,2.57,23.8,304.92,246.29,58.62,23.8,12.96,10.65,2.31,21.67,295.31,242.71,52.6,21.67
2023,JAGUAR LAND ROVER LIMITED,DIESEL,13706,9.18,7.56,1.63,21.55,241.61,198.78,42.83,21.55,9.08,7.57,1.5,19.87,238.82,199.24,39.58,19.87
2021,PSA,PETROL,48501,6.7,5.58,1.12,20,152.54,127.12,25.42,20,6.64,5.6,1.04,18.57,151.34,127.64,23.7,18.57
2021,KIA SLOVAKIA,PETROL,15260,7.49,6.44,1.05,16.31,170.66,146.74,23.93,16.31,7.34,6.37,0.97,15.27,167.23,145.08,22.15,15.27
2021,PORSCHE,PETROL,12549,12.59,10.94,1.65,15.12,286.85,249.18,37.67,15.12,12.3,10.96,1.34,12.25,280.18,249.59,30.59,12.25
2021,SAIC MOTOR CORPORATION,PETROL/ELECTRIC,1485,6.44,1.8,4.64,258.01,146.78,41,105.78,258.01,6.48,1.8,4.68,259.92,147.57,41,106.57,259.92
2021,BMW AG,PETROL,83213,8.29,6.71,1.58,23.5,188.91,152.96,35.95,23.5,8.28,6.82,1.46,21.48,188.72,155.35,33.36,21.48
2022,AUDI AG,PETROL/ELECTRIC,10731,6.25,1.44,4.81,335.29,142.32,32.7,109.63,335.29,6.65,1.49,5.15,345.34,151.38,33.99,117.39,345.34
2022,MAZDA,DIESEL,1689,6.81,6.01,0.8,13.31,179.13,158.08,21.05,13.31,6.68,6.01,0.67,11.14,175.8,158.19,17.62,11.14
2022,BMW AG,PETROL,64655,8.34,6.86,1.48,21.57,190,156.29,33.71,21.57,8.22,6.94,1.28,18.4,187.18,158.09,29.09,18.4
2021,HYUNDAI,PETROL,280,5.66,5.25,0.41,7.87,128.89,119.49,9.4,7.87,4.98,4.8,0.17,3.62,113.35,109.39,3.96,3.62
2021,AUTOMOBILES PEUGEOT,PETROL,10488,7.2,6.07,1.13,18.7,164.09,138.24,25.85,18.7,7.31,6.19,1.12,18.05,166.58,141.11,25.47,18.05
2023,IVECO,DIESEL,9,12.7,5.44,7.26,133.32,334.17,143.22,190.95,133.32,12.74,4.71,8.04,170.84,335.29,123.8,211.5,170.84
2022,DACIA,DIESEL,3290,5.94,4.93,1.01,20.57,156.29,129.62,26.67,20.57,5.92,4.93,0.99,20.19,155.76,129.59,26.17,20.19
2022,CHRYSLER,PETROL/ELECTRIC,7511,6.98,2.33,4.65,200.02,158.96,52.98,105.98,200.02,7.14,2.18,4.97,228.17,162.73,49.59,113.14,228.17
2022,JAGUAR LAND ROVER LIMITED,DIESEL,15167,8.6,7.32,1.28,17.55,226.31,192.52,33.79,17.55,8.51,7.34,1.17,15.96,223.92,193.1,30.82,15.96
2022,SUZUKI MOTOR CORPORATION,PETROL/ELECTRIC,239,4.97,0.97,4,414.62,113.22,22,91.22,414.62,5.38,0.97,4.41,456.74,122.48,22,100.48,456.74
2021,CHRYSLER,PETROL/ELECTRIC,5964,6.35,2.44,3.91,160.53,144.58,55.49,89.08,160.53,6.42,2.32,4.09,176.11,146.24,52.96,93.27,176.11
2021,BENTLEY,PETROL/ELECTRIC,31,9.95,3.6,6.35,176.45,226.69,82,144.69,176.45,10.44,3.6,6.84,190.03,237.82,82,155.82,190.03
2022,SAIC MOTOR CORPORATION,PETROL/ELECTRIC,1960,7.05,1.89,5.16,273.48,160.6,43,117.6,273.48,7.28,1.89,5.39,285.54,165.78,43,122.78,285.54
2022,AUDI AG,DIESEL,58647,6.98,5.88,1.1,18.76,183.76,154.73,29.03,18.76,6.9,5.89,1.01,17.11,181.58,155.05,26.53,17.11
2022,BENTLEY,PETROL/ELECTRIC,82,10.15,3.46,6.69,193.45,231.14,78.77,152.38,193.45,10.51,3.48,7.03,202.25,239.32,79.18,160.14,202.25
2021,AUDI AG,PETROL,38036,7.74,6.61,1.13,17.14,176.36,150.56,25.8,17.14,7.69,6.68,1.01,15.06,175.15,152.22,22.93,15.06
2021,MITSUBISHI MOTORS CORPORATION,PETROL/ELECTRIC,134,5.15,2.02,3.13,155.08,117.34,46,71.34,155.08,5.28,2.02,3.26,161.4,120.24,46,74.24,161.4
2023,KIA SLOVAKIA,PETROL,6486,7.18,6.15,1.03,16.73,163.63,140.19,23.45,16.73,7.15,6.13,1.02,16.62,162.81,139.61,23.21,16.62
2023,DACIA,DIESEL,16,5.82,4.95,0.88,17.76,153.23,130.13,23.11,17.76,5.87,4.94,0.93,18.72,154.46,130.1,24.36,18.72
2023,BENTLEY,PETROL/ELECTRIC,22,10.79,3.26,7.53,230.67,245.9,74.36,171.54,230.67,10.46,3.29,7.17,217.74,238.27,74.99,163.28,217.74
2022,AUDI AG,PETROL,32152,8.24,6.96,1.28,18.46,187.8,158.54,29.26,18.46,8.15,7.06,1.09,15.38,185.55,160.81,24.74,15.38
2023,OPEL AUTOMOBILE,DIESEL,581,6.08,5.27,0.81,15.45,160.04,138.61,21.42,15.45,6.06,5.29,0.77,14.51,159.41,139.21,20.2,14.51
2023,SUZUKI MOTOR CORPORATION,PETROL/ELECTRIC,55,5.11,0.97,4.15,429.26,116.44,22,94.44,429.26,5.02,0.97,4.05,419.39,114.27,22,92.27,419.39
2022,BENTLEY,PETROL,429,13.54,13.04,0.5,3.8,308.44,297.14,11.3,3.8,13.18,13.04,0.14,1.07,300.2,297.03,3.18,1.07
2022,FORD MOTOR COMPANY,PETROL,1821,14.31,11.69,2.62,22.41,325.9,266.24,59.65,22.41,14,11.69,2.32,19.81,319.02,266.27,52.74,19.81
2022,KG MOBILITY,DIESEL,47,8.72,7.87,0.85,10.83,229.41,207,22.41,10.83,8.29,7.87,0.42,5.33,218.21,207.16,11.04,5.33
2022,NISSAN AUTOMOTIVE EUROPE,PETROL,20489,7.44,6.04,1.4,23.24,169.52,137.56,31.96,23.24,7.36,6.1,1.26,20.67,167.66,138.94,28.72,20.67
2022,AUTOMOBILES PEUGEOT,PETROL,5306,7.64,6.34,1.3,20.54,174.13,144.46,29.67,20.54,7.71,6.39,1.32,20.59,175.58,145.6,29.98,20.59
2022,HYUNDAI,DIESEL,3,6.1,6.12,-0.02,-0.37,160.41,161,-0.59,-0.37,5.83,6.78,-0.95,-14.03,153.38,178.41,-25.03,-14.03
2022,VOLKSWAGEN,PETROL/ELECTRIC,10388,5.66,1.43,4.23,296.21,128.92,32.54,96.38,296.21,6.02,1.47,4.55,310.5,137.09,33.4,103.69,310.5
2023,RENAULT,PETROL,312539,6.68,5.17,1.51,29.1,152.13,117.84,34.29,29.1,6.57,5.21,1.36,26.18,149.76,118.69,31.07,26.18
2022,RENAULT,PETROL,277207,6.6,5.28,1.32,24.97,150.39,120.34,30.05,24.97,6.46,5.25,1.22,23.17,147.26,119.56,27.7,23.17
2023,AUDI AG,DIESEL,18311,7.27,6.14,1.14,18.56,191.4,161.44,29.96,18.56,7.12,6.11,1.01,16.56,187.23,160.63,26.6,16.56
2023,ALFA ROMEO,PETROL,4422,8.27,6.6,1.67,25.22,188.35,150.42,37.93,25.22,8.14,6.65,1.5,22.52,185.46,151.37,34.09,22.52
2022,GENERAL MOTORS HOLDINGS,DIESEL,27,7.75,6.77,0.98,14.5,203.9,178.07,25.83,14.5,7.63,6.76,0.87,12.84,200.72,177.88,22.84,12.84
2022,CHRYSLER,PETROL,11632,7.86,6.58,1.28,19.49,179.03,149.83,29.2,19.49,7.83,6.67,1.16,17.42,178.35,151.89,26.46,17.42
2022,MERCEDES-BENZ AG,PETROL,70550,9.35,7.76,1.59,20.47,212.91,176.73,36.18,20.47,9.24,7.79,1.45,18.66,210.44,177.35,33.09,18.66
2021,ALPINE,PETROL,1076,9.3,6.77,2.53,37.44,211.92,154.19,57.73,37.44,9.25,6.77,2.48,36.59,210.65,154.22,56.43,36.59
2021,MAZDA,DIESEL,1068,6.79,6.05,0.74,12.25,178.61,159.12,19.49,12.25,6.73,6.05,0.68,11.24,177.12,159.22,17.9,11.24
2023,MERCEDES-BENZ AG,DIESEL,93337,7.05,5.91,1.15,19.4,185.6,155.44,30.16,19.4,6.99,5.96,1.03,17.37,183.94,156.72,27.23,17.37
2022,RENAULT,PETROL/ELECTRIC,13953,4.36,1.31,3.04,231.6,99.25,29.93,69.32,231.6,4.61,1.31,3.3,252.6,105.05,29.79,75.26,252.6
2021,MERCEDES AMG,PETROL,282,18.49,12.75,5.74,45.01,421.11,290.41,130.7,45.01,17.85,12.73,5.12,40.24,406.69,289.99,116.7,40.24
2023,MITSUBISHI MOTORS THAILAND,PETROL,34,5.75,5.03,0.73,14.46,131.09,114.53,16.57,14.46,5.58,5,0.57,11.48,127.04,113.96,13.08,11.48
2022,ALFA ROMEO,PETROL/ELECTRIC,112,6.82,1.38,5.45,395.53,155.43,31.37,124.06,395.53,6.93,1.38,5.55,403.28,157.84,31.36,126.48,403.28
2023,GENERAL MOTORS HOLDINGS,DIESEL,10,7.5,6.74,0.75,11.19,197.26,177.4,19.86,11.19,7.26,6.69,0.57,8.48,191.05,176.11,14.94,8.48
2021,MITSUBISHI MOTORS THAILAND,PETROL,396,5.86,5.11,0.75,14.66,133.38,116.33,17.05,14.66,5.62,5.1,0.53,10.35,128.11,116.09,12.01,10.35
2023,STELLANTIS EUROPE,DIESEL,3141,5.73,4.88,0.85,17.51,150.84,128.37,22.47,17.51,5.64,4.85,0.78,16.08,148.28,127.73,20.54,16.08
2022,MERCEDES-BENZ AG,PETROL/ELECTRIC,33293,5.78,1.3,4.47,342.69,131.57,29.72,101.85,342.69,5.98,1.32,4.66,352.41,136.29,30.12,106.16,352.41
2022,VOLKSWAGEN,PETROL,175368,7.19,6.18,1.01,16.28,163.78,140.86,22.92,16.28,7.06,6.22,0.84,13.55,160.82,141.63,19.19,13.55
2023,AUTOMOBILES PEUGEOT,PETROL,1018,7.75,6.39,1.36,21.35,176.54,145.48,31.06,21.35,7.67,6.41,1.26,19.67,174.72,146,28.72,19.67
2021,CNG TECHNIK,PETROL,461,5.95,5.78,0.18,3.05,135.62,131.6,4.02,3.05,5.85,5.77,0.08,1.42,133.37,131.5,1.87,1.42
2022,OPEL AUTOMOBILE,DIESEL,4096,5.97,5.1,0.88,17.17,157.16,134.13,23.03,17.17,5.96,5.1,0.86,16.89,156.75,134.11,22.65,16.89
2021,AUDI AG,DIESEL,51599,6.96,5.89,1.06,18.06,183.02,155.02,28,18.06,6.88,5.89,0.99,16.8,180.9,154.88,26.02,16.8
2023,MAZDA EUROPE,PETROL,620,7.35,5.65,1.7,30.17,167.51,128.68,38.82,30.17,7.19,5.65,1.54,27.23,163.69,128.66,35.03,27.23
2023,JAGUAR LAND ROVER LIMITED,PETROL/ELECTRIC,14929,8.47,1.4,7.07,504.38,192.92,31.92,161,504.38,8.48,1.5,6.98,466.84,193.14,34.07,159.06,466.84
2023,SAIC MOTOR CORPORATION,PETROL/ELECTRIC,354,6.76,1.88,4.88,259.72,154.01,42.81,111.2,259.72,7.04,1.89,5.15,273.29,160.4,42.97,117.43,273.29
2023,CHRYSLER,PETROL/ELECTRIC,910,7.33,2.45,4.88,198.92,166.93,55.85,111.08,198.92,7.21,2.35,4.86,207.16,164.16,53.44,110.72,207.16
2022,MERCEDES AMG,PETROL,264,19.1,12.77,6.32,49.5,435.01,290.98,144.03,49.5,17.9,12.74,5.16,40.51,407.73,290.17,117.56,40.51
2023,KG MOBILITY,DIESEL,16,8.44,7.58,0.85,11.27,221.98,199.5,22.48,11.27,8.35,7.82,0.53,6.73,219.62,205.77,13.85,6.73
2023,TOYOTA,PETROL/ELECTRIC,1702,4.43,0.97,3.46,357.94,100.87,22.03,78.84,357.94,4.62,0.97,3.65,377.97,105.28,22.03,83.26,377.97
2021,SSANGYONG,DIESEL,18,9.31,8.06,1.25,15.49,245.03,212.17,32.86,15.49,9.31,8.07,1.23,15.29,244.91,212.42,32.49,15.29
2023,FORD MOTOR AUSTRALIA,PETROL,1,14.48,13.83,0.65,4.71,329.85,315,14.85,4.71,14.48,13.83,0.65,4.71,329.85,315,14.85,4.71
2021,HYUNDAI CZECH,PETROL,289,6.94,6.21,0.74,11.86,158.16,141.39,16.76,11.86,6.65,6.09,0.56,9.22,151.49,138.71,12.78,9.22
2021,JAGUAR LAND ROVER LIMITED,PETROL,5084,11.31,9.43,1.88,19.96,257.56,214.7,42.86,19.96,11.2,9.5,1.7,17.88,255.12,216.42,38.7,17.88
2023,HONDA MOTOR CO,PETROL,4,5.37,5.75,-0.38,-6.59,122.37,131,-8.63,-6.59,5.55,6.48,-0.93,-14.35,126.47,147.66,-21.19,-14.35
2022,OPEL AUTOMOBILE,PETROL/ELECTRIC,2231,5.45,1.33,4.11,308.88,124.08,30.35,93.73,308.88,5.57,1.34,4.24,317.31,126.91,30.41,96.5,317.31
2021,SUZUKI MOTOR CORPORATION,PETROL/ELECTRIC,198,4.3,0.97,3.33,344.88,97.87,22,75.87,344.88,4.98,0.97,4.01,415.47,113.4,22,91.4,415.47
2021,MERCEDES-BENZ AG,PETROL/ELECTRIC,51849,5.51,1.44,4.07,283.01,125.58,32.79,92.79,283.01,5.85,1.47,4.38,298.22,133.22,33.45,99.76,298.22
2021,KIA SLOVAKIA,PETROL/ELECTRIC,2105,3.64,1.47,2.17,148.02,82.84,33.4,49.44,148.02,3.47,1.45,2.01,138.82,78.96,33.06,45.9,138.82
2022,FORD WERKE GMBH,PETROL,102359,6.79,5.66,1.13,19.99,154.77,128.98,25.78,19.99,6.69,5.62,1.07,19.03,152.48,128.1,24.38,19.03
2021,OPEL AUTOMOBILE,DIESEL,6721,5.82,4.92,0.9,18.28,153.1,129.44,23.66,18.28,5.83,4.93,0.91,18.4,153.48,129.63,23.85,18.4
2021,AUTOMOBILES CITROEN,DIESEL,15150,5.35,4.72,0.63,13.4,140.78,124.14,16.63,13.4,5.36,4.72,0.64,13.52,141.09,124.29,16.8,13.52
2023,MAGYAR SUZUKI,PETROL,5223,6.2,5.45,0.75,13.74,141.29,124.23,17.07,13.74,6.08,5.44,0.64,11.77,138.47,123.89,14.58,11.77
2022,MAGYAR SUZUKI,PETROL,10197,6.38,5.52,0.86,15.55,145.32,125.76,19.55,15.55,6.25,5.49,0.76,13.92,142.42,125.02,17.4,13.92
2021,FORD WERKE GMBH,DIESEL,46867,6.84,5.85,0.99,16.95,180.04,153.95,26.09,16.95,6.71,5.73,0.98,17.12,176.61,150.8,25.82,17.12
2021,BMW AG,PETROL/ELECTRIC,51903,6.26,1.68,4.57,271.72,142.54,38.35,104.19,271.72,6.54,1.66,4.88,294.12,148.98,37.8,111.18,294.12
2022,FORD WERKE GMBH,DIESEL,41902,6.9,5.95,0.95,15.91,181.47,156.56,24.91,15.91,6.81,5.86,0.95,16.14,179.12,154.23,24.89,16.14
2022,KIA,DIESEL,284,7.68,6.57,1.11,16.82,202.07,172.98,29.09,16.82,7.66,6.58,1.07,16.32,201.52,173.25,28.28,16.32
2021,MAGYAR SUZUKI,PETROL,10692,6.59,5.64,0.95,16.89,150.2,128.5,21.7,16.89,6.5,5.62,0.88,15.66,148.15,128.08,20.06,15.66
2021,HYUNDAI ASSAN,PETROL,295,6.04,5.29,0.75,14.12,137.58,120.55,17.03,14.12,5.91,5.31,0.6,11.28,134.65,121,13.65,11.28
2021,CHRYSLER,DIESEL,11029,6.05,5.1,0.95,18.65,159.15,134.13,25.02,18.65,5.97,5.1,0.87,17.15,157.07,134.08,22.99,17.15
2021,HYUNDAI,PETROL/ELECTRIC,32,5.02,1.25,3.78,302.9,114.45,28.41,86.04,302.9,5.24,1.34,3.91,292.31,119.46,30.45,89.01,292.31
2023,AUTOMOBILES CITROEN,PETROL,1331,6.72,5.7,1.03,18.03,153.16,129.76,23.4,18.03,6.57,5.67,0.9,15.81,149.7,129.26,20.44,15.81
2023,VOLKSWAGEN,PETROL/ELECTRIC,4702,6.51,1.64,4.87,296.39,148.27,37.4,110.86,296.39,6.65,1.64,5.02,306.41,151.53,37.28,114.24,306.41
2023,TOYOTA,PETROL,37146,5.41,4.87,0.53,10.92,123.13,111.01,12.12,10.92,5.4,4.88,0.51,10.53,122.91,111.2,11.71,10.53
2022,GEELY,PETROL/ELECTRIC,140,5.63,1.12,4.51,402.73,128.3,25.52,102.78,402.73,6.2,1.1,5.1,464.42,141.18,25.01,116.17,464.42
2023,GEELY,PETROL/ELECTRIC,1,4,1.05,2.95,279.84,91.16,24,67.16,279.84,4,1.05,2.95,279.84,91.16,24,67.16,279.84
2023,AUDI SPORT,PETROL/ELECTRIC,2,5.01,4.92,0.09,1.85,114.07,112,2.07,1.85,5.16,4.92,0.24,4.87,117.45,112,5.45,4.87
2022,TOYOTA MOTOR CORPORATION,PETROL/ELECTRIC,2338,4.53,1.04,3.48,333.7,103.1,23.77,79.33,333.7,4.71,1.04,3.67,351.97,107.37,23.76,83.61,351.97
2023,RENAULT,PETROL/ELECTRIC,6825,4.58,1.3,3.28,252.37,104.38,29.62,74.76,252.37,4.78,1.29,3.48,269.79,108.81,29.42,79.38,269.79
2023,ALFA ROMEO,PETROL/ELECTRIC,1804,6.14,1.37,4.77,349.58,139.83,31.1,108.73,349.58,6.29,1.36,4.92,360.72,143.18,31.08,112.1,360.72
2022,TOYOTA,PETROL/ELECTRIC,5694,3.98,0.97,3.01,308.53,90.69,22.2,68.49,308.53,4.23,0.97,3.26,335.29,96.45,22.16,74.29,335.29
2021,FORD WERKE GMBH,PETROL,112909,6.97,5.72,1.25,21.85,158.68,130.22,28.46,21.85,6.99,5.84,1.15,19.72,159.23,133,26.23,19.72
2023,NISSAN AUTOMOTIVE EUROPE,PETROL,9021,7.07,5.79,1.28,22.15,161.08,131.87,29.21,22.15,6.82,5.72,1.1,19.18,155.33,130.33,25,19.18
2022,TOYOTA,PETROL,143705,5.42,4.9,0.52,10.58,123.4,111.6,11.8,10.58,5.5,4.99,0.52,10.35,125.33,113.58,11.75,10.35
2023,FORD MOTOR COMPANY,PETROL,1037,14.96,11.68,3.27,28.03,340.69,266.1,74.59,28.03,14.37,11.66,2.71,23.25,327.42,265.65,61.77,23.25
2023,SEAT,PETROL,20393,7.77,6.53,1.24,18.96,176.97,148.76,28.21,18.96,7.51,6.47,1.03,15.92,170.98,147.5,23.49,15.92
2022,KIA,PETROL,14180,6.08,5.35,0.72,13.51,138.46,121.98,16.48,13.51,5.94,5.35,0.59,11.05,135.25,121.79,13.46,11.05
2022,BMW AG,DIESEL,98384,7.01,5.66,1.36,23.96,184.46,148.8,35.65,23.96,6.95,5.64,1.3,23.11,182.78,148.47,34.32,23.11
2023,NISSAN AUTOMOTIVE EUROPE,DIESEL,61,8.6,7.18,1.42,19.73,226.26,188.98,37.28,19.73,8.6,7.18,1.42,19.76,226.31,188.97,37.34,19.76
2023,TOYOTA MOTOR CORPORATION,PETROL,18085,5.17,4.92,0.25,5.06,117.69,112.02,5.67,5.06,5.14,4.91,0.23,4.73,117.07,111.78,5.29,4.73
2022,TOYOTA MOTOR CORPORATION,PETROL,49790,4.9,4.78,0.12,2.54,111.69,108.93,2.76,2.54,4.91,4.79,0.12,2.42,111.75,109.11,2.64,2.42
2022,RENAULT,DIESEL,55570,5.85,4.93,0.92,18.62,154,129.83,24.17,18.62,5.78,4.93,0.85,17.34,152.07,129.59,22.47,17.34
2021,SKODA,DIESEL,64299,6.24,5.22,1.02,19.54,164.09,137.26,26.82,19.54,6.15,5.16,0.98,19.01,161.71,135.88,25.83,19.01
2021,MERCEDES-BENZ AG,DIESEL/ELECTRIC,47220,5.86,1.39,4.47,320.63,154.21,36.66,117.55,320.63,6.01,1.39,4.62,331.72,158.24,36.65,121.59,331.72
2023,AUDI SPORT,PETROL,1907,12.4,10.33,2.07,20.04,282.43,235.28,47.15,20.04,10.64,10.17,0.46,4.56,242.3,231.73,10.58,4.56
2021,FIAT GROUP,PETROL,118498,6.92,5.69,1.23,21.57,157.58,129.62,27.96,21.57,6.82,5.78,1.04,18.06,155.43,131.65,23.78,18.06
2021,VOLVO,DIESEL,40796,7.07,6.22,0.85,13.66,186.09,163.73,22.36,13.66,6.98,6.2,0.78,12.62,183.68,163.09,20.58,12.62
2022,SEAT,PETROL,48067,7.64,6.48,1.17,18.01,174.13,147.55,26.58,18.01,7.47,6.46,1.01,15.64,170.24,147.22,23.02,15.64
2022,SEAT,PETROL/ELECTRIC,13156,5.13,1.33,3.8,285.33,116.93,30.35,86.59,285.33,5.35,1.34,4.01,299.05,121.86,30.54,91.32,299.05
2022,ALFA ROMEO,DIESEL,8377,7.38,5.88,1.51,25.62,194.19,154.58,39.61,25.62,7.29,5.88,1.42,24.12,191.93,154.63,37.3,24.12
2023,KG MOBILITY,PETROL,237,7.88,7.86,0.02,0.23,179.57,179.15,0.42,0.23,7.29,7.86,-0.58,-7.32,166.02,179.13,-13.11,-7.32
2022,MAZDA EUROPE,PETROL,405,7.17,5.67,1.51,26.61,163.4,129.05,34.35,26.61,7.01,5.61,1.4,24.94,159.73,127.85,31.88,24.94
2023,RENAULT TRUCKS,DIESEL,2,10.1,7.11,2.99,42.13,265.79,187,78.79,42.13,9.81,6.99,2.82,40.42,258.15,183.84,74.31,40.42
2021,LAMBORGHINI,PETROL,2,19.79,14.27,5.52,38.7,450.76,325,125.76,38.7,20.25,14.27,5.98,41.92,461.23,325,136.23,41.92
2021,FIAT GROUP,DIESEL,25514,5.83,4.94,0.88,17.89,153.35,130.07,23.27,17.89,5.73,4.93,0.8,16.17,150.7,129.72,20.98,16.17
2022,JAGUAR LAND ROVER LIMITED,PETROL/ELECTRIC,8109,7.91,1.84,6.07,330.55,180.21,41.86,138.35,330.55,8,1.94,6.05,312.04,182.13,44.2,137.93,312.04
2023,MAZDA,PETROL,5122,7.49,6.32,1.17,18.58,170.65,143.91,26.74,18.58,7.56,6.58,0.98,14.84,172.14,149.9,22.24,14.84
2023,MAZDA,DIESEL,4291,6.76,5.29,1.47,27.69,177.75,139.2,38.55,27.69,6.65,5.32,1.33,25,174.91,139.92,34.99,25
2022,OPEL AUTOMOBILE,PETROL,5191,7.04,6.03,1.02,16.92,160.48,137.27,23.22,16.92,6.94,5.99,0.95,15.87,158.18,136.52,21.66,15.87
2021,OPEL AUTOMOBILE,PETROL,5889,6.85,5.83,1.02,17.52,156.03,132.77,23.26,17.52,6.74,5.78,0.96,16.55,153.58,131.77,21.81,16.55
2021,AUDI AG,PETROL/ELECTRIC,14888,6.24,1.6,4.64,289.39,142.2,36.52,105.68,289.39,6.56,1.65,4.91,298.39,149.46,37.52,111.95,298.39
2022,MAZDA,PETROL/ELECTRIC,10441,7.9,1.45,6.45,445.55,180.03,33,147.03,445.55,7.83,1.45,6.38,440.18,178.26,33,145.26,440.18
2021,JAGUAR LAND ROVER LIMITED,PETROL/ELECTRIC,6419,7.6,2.23,5.37,240.25,173.18,50.9,122.29,240.25,7.88,2.27,5.61,247.28,179.57,51.71,127.86,247.28
2023,OPEL AUTOMOBILE,PETROL,535,7.38,6.2,1.18,19.08,168.08,141.15,26.93,19.08,7.3,6.23,1.07,17.14,166.38,142.03,24.35,17.14
2023,VOLKSWAGEN,PETROL,35365,7.37,6.26,1.1,17.61,167.81,142.68,25.13,17.61,7.15,6.28,0.87,13.83,162.83,143.05,19.78,13.83
2021,AUTOMOBILES PEUGEOT,PETROL/ELECTRIC,12327,5.22,1.35,3.87,286.31,118.97,30.8,88.17,286.31,5.43,1.35,4.08,301.93,123.67,30.77,92.9,301.93
2023,TOYOTA,DIESEL,636,8.59,7.72,0.87,11.33,226,203.01,22.99,11.33,8.69,7.96,0.73,9.22,228.62,209.31,19.31,9.22
2021,ROLLS ROYCE,PETROL,83,19.08,15.98,3.1,19.38,434.56,364.01,70.55,19.38,18.94,16.01,2.93,18.28,431.43,364.75,66.67,18.28
2022,STELLANTIS EUROPE,PETROL,100650,6.61,5.23,1.38,26.46,150.65,119.13,31.52,26.46,6.47,5.28,1.19,22.55,147.39,120.27,27.12,22.55
2021,AUTOMOBILES PEUGEOT,DIESEL,32062,6.1,5.35,0.76,14.18,160.6,140.66,19.94,14.18,6.01,5.28,0.73,13.9,158.24,138.93,19.31,13.9
2021,AUDI HUNGARIA,DIESEL,109,7.22,5.65,1.57,27.73,189.88,148.65,41.23,27.73,7.05,5.62,1.43,25.49,185.59,147.89,37.7,25.49
2022,SKODA,PETROL,78876,6.94,5.94,1,16.74,158.06,135.39,22.67,16.74,6.84,5.97,0.87,14.59,155.89,136.04,19.85,14.59
2022,SEAT,DIESEL,14763,6.39,5.19,1.2,23.03,168.16,136.68,31.48,23.03,6.3,5.15,1.15,22.4,165.76,135.43,30.33,22.4
2023,ALFA ROMEO,DIESEL,2472,6.9,5.76,1.14,19.72,181.55,151.65,29.9,19.72,6.81,5.79,1.02,17.53,179.12,152.4,26.72,17.53
2023,SEAT,PETROL/ELECTRIC,2744,5.36,1.38,3.97,287.24,122.07,31.52,90.54,287.24,5.62,1.39,4.23,303.52,127.98,31.72,96.27,303.52
2021,FORD WERKE GMBH,PETROL/ELECTRIC,21845,5.31,1.68,3.63,215.32,120.98,38.37,82.61,215.32,5.92,1.85,4.08,220.93,134.97,42.05,92.91,220.93
2021,ALFA ROMEO,PETROL,4548,11.03,8.51,2.52,29.63,251.22,193.79,57.43,29.63,10.77,8.35,2.42,29.02,245.4,190.2,55.2,29.02
2022,FERRARI,PETROL/ELECTRIC,501,19.22,6.73,12.48,185.37,437.82,153.42,284.4,185.37,18.32,6.74,11.58,171.72,417.35,153.6,263.76,171.72
2021,RENAULT,PETROL,211814,6.77,5.36,1.41,26.36,154.25,122.07,32.18,26.36,6.68,5.36,1.32,24.58,152.23,122.19,30.04,24.58
2023,AUDI AG,PETROL,12467,8.21,6.9,1.31,19.02,186.95,157.08,29.87,19.02,8.14,7.03,1.11,15.86,185.52,160.13,25.39,15.86
2023,MERCEDES-BENZ AG,PETROL,49051,9.68,7.83,1.84,23.55,220.42,178.41,42.01,23.55,9.6,7.96,1.64,20.6,218.75,181.39,37.36,20.6
2023,BMW AG,DIESEL,18,6.7,5.49,1.22,22.19,176.36,144.33,32.03,22.19,6.67,5.42,1.25,23,175.43,142.63,32.81,23
2023,BMW AG,PETROL,15,9.15,7.31,1.83,25.08,208.38,166.6,41.78,25.08,8.81,6.91,1.9,27.5,200.61,157.34,43.26,27.5
2023,PORSCHE,PETROL,4259,13.45,11.14,2.31,20.73,306.45,253.82,52.63,20.73,12.9,11.03,1.86,16.89,293.75,251.31,42.44,16.89
2023,TOYOTA MOTOR CORPORATION,PETROL/ELECTRIC,1681,4.76,1.02,3.74,367.63,108.46,23.19,85.26,367.63,4.93,1.03,3.91,379.77,112.41,23.43,88.98,379.77
2023,MERCEDES AMG,PETROL,2,20.15,12.82,7.33,57.21,459.06,292,167.06,57.21,20.52,12.82,7.71,60.11,467.53,292,175.53,60.11
2022,BUGATTI,PETROL,1,48.03,25.11,22.92,91.29,1094.17,572,522.17,91.29,48.03,25.11,22.92,91.29,1094.17,572,522.17,91.29
2022,TOYOTA,DIESEL,2128,7.9,7.03,0.87,12.31,207.8,185.03,22.77,12.31,7.72,6.88,0.84,12.21,203.22,181.11,22.11,12.21
2023,OPEL AUTOMOBILE,PETROL/ELECTRIC,205,5.53,1.23,4.3,348.76,126,28.08,97.92,348.76,5.67,1.23,4.44,359.38,129.14,28.11,101.03,359.38
2022,SAIC MOTOR CORPORATION,PETROL,1867,7.8,6.7,1.09,16.31,177.63,152.72,24.91,16.31,7.63,6.69,0.94,14.05,173.91,152.48,21.42,14.05
2022,BMW AG,PETROL/ELECTRIC,41745,6.62,1.57,5.04,320.28,150.78,35.88,114.91,320.28,6.91,1.62,5.29,326.66,157.5,36.91,120.59,326.66
2022,SUZUKI MOTOR CORPORATION,PETROL,5371,5.5,5.02,0.47,9.43,125.27,114.47,10.8,9.43,5.37,5.01,0.36,7.12,122.25,114.13,8.12,7.12
2022,KIA SLOVAKIA,PETROL/ELECTRIC,6113,4.53,1.26,3.27,259.31,103.13,28.7,74.43,259.31,4.51,1.27,3.24,254.56,102.66,28.95,73.71,254.56
2022,JAGUAR LAND ROVER LIMITED,PETROL,5377,12.45,10.19,2.26,22.17,283.6,232.13,51.47,22.17,11.94,9.99,1.95,19.46,271.98,227.67,44.31,19.46
2021,PORSCHE,PETROL/ELECTRIC,4056,10.13,3.1,7.03,226.53,230.8,70.68,160.11,226.53,10.22,3.12,7.1,227.49,232.71,71.06,161.65,227.49
2021,HYUNDAI,DIESEL,8,5.89,6.15,-0.26,-4.26,154.98,161.88,-6.89,-4.26,5.88,6.3,-0.42,-6.68,154.65,165.72,-11.07,-6.68
2022,AUTOMOBILES CITROEN,DIESEL,8514,5.29,4.65,0.65,13.88,139.28,122.31,16.98,13.88,5.32,4.68,0.64,13.7,140.01,123.15,16.87,13.7
2021,SUZUKI MOTOR CORPORATION,PETROL,10632,5.43,4.98,0.44,8.87,123.58,113.51,10.07,8.87,5.32,4.97,0.35,7,121.16,113.23,7.93,7
2021,MERCEDES-BENZ AG,PETROL,74866,9.48,7.87,1.61,20.44,215.98,179.33,36.65,20.44,9.65,8.09,1.56,19.25,219.83,184.34,35.49,19.25
2023,AUTOMOBILES CITROEN,DIESEL,760,5.35,4.65,0.71,15.17,140.81,122.26,18.55,15.17,5.21,4.6,0.61,13.23,137.05,121.04,16.01,13.23
2023,MAZDA,PETROL/ELECTRIC,7651,7.11,1.44,5.67,393.01,162.05,32.87,129.18,393.01,7.16,1.45,5.71,394.22,163.01,32.98,130.03,394.22
2021,AUDI HUNGARIA,PETROL,893,8.75,7.55,1.2,15.89,199.34,172.01,27.33,15.89,8.64,7.53,1.11,14.7,196.76,171.54,25.22,14.7
2022,STELLANTIS AUTO,DIESEL,41083,5.35,4.57,0.78,17.03,140.77,120.28,20.49,17.03,5.33,4.56,0.77,16.79,140.16,120.01,20.15,16.79
2022,HYUNDAI CZECH,PETROL,194,6.6,5.86,0.74,12.65,150.4,133.51,16.89,12.65,6.34,5.76,0.58,10.1,144.42,131.18,13.24,10.1
2021,MERCEDES-BENZ AG,DIESEL,137711,7.19,6.15,1.03,16.77,189.07,161.91,27.16,16.77,7.16,6.16,1,16.18,188.31,162.08,26.23,16.18
2021,PSA,PETROL/ELECTRIC,10954,5.5,1.44,4.06,280.8,125.3,32.9,92.4,280.8,5.68,1.45,4.23,290.95,129.36,33.09,96.27,290.95
2023,KIA SLOVAKIA,DIESEL,347,5.93,5.04,0.89,17.76,156.04,132.51,23.53,17.76,5.81,5.02,0.79,15.63,152.82,132.16,20.66,15.63
2023,BENTLEY,PETROL,190,14.47,12.94,1.53,11.86,329.64,294.68,34.96,11.86,13.97,12.86,1.11,8.66,318.18,292.84,25.35,8.66
2023,BMW GMBH,PETROL,3,13.48,10.08,3.4,33.72,307.11,229.67,77.45,33.72,13.54,10.07,3.47,34.5,308.52,229.39,79.14,34.5
2023,ALPINE,PETROL,300,10.37,6.8,3.57,52.42,236.24,154.99,81.25,52.42,10.29,6.8,3.5,51.43,234.49,154.85,79.64,51.43
2021,SSANGYONG,PETROL,193,6.88,7.68,-0.8,-10.38,156.83,174.99,-18.17,-10.38,6.11,7.7,-1.59,-20.71,139.09,175.42,-36.33,-20.71
2023,HYUNDAI CZECH,PETROL,17,6.83,6.12,0.72,11.68,155.7,139.41,16.29,11.68,6.18,5.86,0.33,5.61,140.87,133.38,7.49,5.61
2021,SAIC MOTOR CORPORATION,PETROL,71,7.76,6.75,1.01,15.01,176.81,153.73,23.07,15.01,7.57,6.75,0.83,12.23,172.53,153.73,18.8,12.23
2022,FORD MOTOR AUSTRALIA,DIESEL,1,11.14,9.69,1.45,14.96,293.15,255,38.15,14.96,11.14,9.69,1.45,14.96,293.15,255,38.15,14.96
2022,PORSCHE,PETROL,11062,12.89,11.01,1.88,17.04,293.6,250.85,42.75,17.04,12.5,10.99,1.51,13.69,284.76,250.46,34.3,13.69
2022,VOLKSWAGEN,DIESEL,128052,6.55,5.58,0.97,17.44,172.45,146.84,25.61,17.44,6.41,5.49,0.92,16.73,168.73,144.55,24.18,16.73
2023,VOLKSWAGEN,DIESEL,31916,6.54,5.57,0.97,17.44,172.19,146.62,25.57,17.44,6.38,5.47,0.91,16.69,167.86,143.85,24.01,16.69
2022,MAZDA,PETROL,14146,6.83,5.87,0.96,16.36,155.49,133.63,21.86,16.36,7.02,6.17,0.85,13.73,159.96,140.65,19.31,13.73
2022,KIA,PETROL/ELECTRIC,1170,4.66,1.25,3.41,272.71,106.17,28.49,77.68,272.71,4.93,1.32,3.61,272.71,112.35,30.14,82.2,272.71
2021,SKODA,PETROL,95114,6.8,5.89,0.9,15.34,154.84,134.26,20.59,15.34,6.76,5.92,0.84,14.18,153.99,134.86,19.13,14.18
2021,BENTLEY,PETROL,373,14.18,12.79,1.38,10.82,322.96,291.44,31.53,10.82,13.77,12.85,0.92,7.16,313.61,292.65,20.96,7.16
2021,SKODA,PETROL/ELECTRIC,11698,4.98,1.14,3.84,336.91,113.35,25.94,87.41,336.91,5.18,1.14,4.04,353.08,118.01,26.05,91.97,353.08
2022,PORSCHE,PETROL/ELECTRIC,2938,10.49,3.12,7.37,236.26,238.86,71.03,167.82,236.26,10.29,3.15,7.15,227.28,234.5,71.65,162.85,227.28
2023,KIA,PETROL,1771,6.05,5.4,0.64,11.92,137.79,123.12,14.67,11.92,6,5.39,0.61,11.31,136.65,122.77,13.88,11.31
2023,AUDI SPORT,DIESEL,19,5.78,4.57,1.21,26.46,152.02,120.21,31.81,26.46,5.62,4.4,1.22,27.61,147.86,115.87,31.99,27.61
2022,HONDA MOTOR CO,PETROL,18288,5.59,5.4,0.18,3.41,127.31,123.11,4.2,3.41,5.69,5.55,0.14,2.54,129.54,126.33,3.21,2.54
2023,MITSUBISHI MOTORS CORPORATION,PETROL/ELECTRIC,28,6.13,2.02,4.11,203.49,139.61,46,93.61,203.49,7.02,2.02,5.01,247.88,160.03,46,114.03,247.88
2021,FIAT GROUP,PETROL/ELECTRIC,8734,6.04,2,4.04,202.11,137.54,45.53,92.01,202.11,6.23,1.99,4.24,212.91,141.87,45.34,96.53,212.91
2021,VOLKSWAGEN,DIESEL,141823,6.55,5.65,0.9,15.97,172.34,148.61,23.73,15.97,6.41,5.55,0.85,15.36,168.57,146.13,22.44,15.36
2022,VOLVO,PETROL,23531,7.98,7.02,0.96,13.72,181.84,159.9,21.94,13.72,7.91,7.09,0.81,11.45,180.13,161.62,18.51,11.45
2021,KIA,PETROL,15352,6.14,5.44,0.7,12.81,139.91,124.02,15.89,12.81,6.06,5.47,0.59,10.83,138.12,124.63,13.49,10.83
2022,KG MOBILITY,PETROL,555,7.29,7.72,-0.43,-5.52,166.1,175.8,-9.7,-5.52,6.41,7.72,-1.31,-16.92,146.03,175.76,-29.73,-16.92
2021,TOYOTA,PETROL,169290,5.49,4.98,0.5,10.11,125,113.53,11.47,10.11,5.57,5.06,0.51,10.06,126.9,115.3,11.6,10.06
2023,STELLANTIS EUROPE,PETROL,13301,6.73,5.23,1.5,28.64,153.25,119.12,34.12,28.64,6.53,5.31,1.22,23.04,148.77,120.91,27.86,23.04
2023,SEAT,DIESEL,4128,6.55,5.37,1.18,21.93,172.39,141.39,31,21.93,6.45,5.3,1.15,21.71,169.64,139.38,30.26,21.71
2021,GEELY,PETROL/ELECTRIC,38,6.35,1.19,5.17,436.06,144.74,27,117.74,436.06,8.18,1.19,7,590.47,186.43,27,159.43,590.47
2021,DACIA,PETROL,67174,6.96,5.55,1.4,25.22,158.45,126.54,31.91,25.22,6.78,5.55,1.22,22.02,154.38,126.52,27.86,22.02
2022,VOLVO,DIESEL,35115,7.28,6.3,0.98,15.52,191.47,165.74,25.73,15.52,7.13,6.26,0.88,13.99,187.65,164.62,23.03,13.99
2022,ALFA ROMEO,PETROL,10953,8.88,7.01,1.87,26.65,202.26,159.7,42.55,26.65,8.79,7.09,1.7,23.96,200.25,161.55,38.7,23.96
2023,SKODA,PETROL/ELECTRIC,917,5.84,1.23,4.61,374.43,132.94,28.02,104.92,374.43,5.96,1.24,4.72,382.3,135.72,28.14,107.58,382.3
2022,SUBARU,PETROL,307,8.66,8.22,0.44,5.4,197.37,187.25,10.11,5.4,8.62,8.26,0.37,4.47,196.46,188.05,8.41,4.47
2021,TOYOTA,DIESEL,2411,7.45,6.56,0.89,13.51,196.04,172.7,23.33,13.51,7.35,6.46,0.89,13.78,193.38,169.95,23.43,13.78
2022,KIA SLOVAKIA,PETROL,28828,7.2,6.19,1.01,16.25,164,141.08,22.92,16.25,7.09,6.14,0.95,15.47,161.49,139.86,21.63,15.47
2021,MAZDA,PETROL,13036,7.4,6.53,0.87,13.29,168.54,148.76,19.78,13.29,7.43,6.73,0.7,10.47,169.26,153.22,16.04,10.47
2022,BENTLEY,DIESEL,1,9.07,12.92,-3.85,-29.8,238.67,340,-101.33,-29.8,9.07,12.92,-3.85,-29.8,238.67,340,-101.33,-29.8
2022,MITSUBISHI MOTORS THAILAND,PETROL,428,5.86,5.11,0.75,14.69,133.57,116.47,17.11,14.69,5.72,5.11,0.61,11.97,130.3,116.37,13.93,11.97
2023,RENAULT,DIESEL,39931,6.09,5.05,1.04,20.61,160.34,132.94,27.4,20.61,5.98,5.05,0.94,18.58,157.42,132.75,24.66,18.58
2023,KIA,PETROL/ELECTRIC,172,5.23,1.29,3.94,306.23,119.08,29.31,89.77,306.23,5.36,1.31,4.05,309.61,122.12,29.81,92.31,309.61
2021,HYUNDAI CZECH,DIESEL,128,5.02,4.98,0.04,0.77,132.07,131.07,1,0.77,5.15,4.97,0.19,3.77,135.58,130.65,4.93,3.77
2022,HYUNDAI CZECH,DIESEL,43,5.98,5.15,0.82,15.99,157.31,135.63,21.68,15.99,6.03,5.13,0.9,17.56,158.7,134.99,23.71,17.56
2022,DACIA,PETROL,48804,6.93,5.57,1.36,24.4,157.95,126.97,30.98,24.4,6.78,5.57,1.21,21.65,154.35,126.88,27.47,21.65
2023,FORD WERKE GMBH,PETROL/ELECTRIC,14359,4.55,1.1,3.45,313.15,103.57,25.07,78.5,313.15,4.83,1.13,3.7,327.4,109.93,25.72,84.21,327.4
2021,GEELY,PETROL,12,7.65,6.58,1.06,16.16,174.24,150,24.24,16.16,7.65,6.58,1.07,16.23,174.34,150,24.34,16.23
2022,HYUNDAI,PETROL/ELECTRIC,12,6.38,1.5,4.88,324.59,145.42,34.25,111.17,324.59,5.63,1.43,4.2,294.8,128.17,32.46,95.71,294.8
2022,HYUNDAI ASSAN,PETROL,63,6.46,5.23,1.22,23.39,147.13,119.24,27.89,23.39,6.03,5.26,0.77,14.74,137.39,119.75,17.65,14.74
2021,DACIA,DIESEL,3787,5.79,4.89,0.9,18.35,152.23,128.62,23.61,18.35,5.71,4.88,0.83,16.94,150.1,128.36,21.74,16.94
2021,KIA SLOVAKIA,DIESEL,1622,4.44,5.54,-1.1,-19.88,116.69,145.65,-28.96,-19.88,4.29,5.46,-1.17,-21.46,112.76,143.57,-30.81,-21.46
2023,STELLANTIS AUTO,DIESEL,5381,5.55,4.83,0.72,14.96,146.03,127.03,19,14.96,5.47,4.83,0.64,13.31,143.85,126.96,16.89,13.31
2022,HYUNDAI,PETROL,211,4.91,4.75,0.16,3.42,111.83,108.13,3.7,3.42,4.8,4.69,0.1,2.23,109.33,106.95,2.39,2.23
2021,JAGUAR LAND ROVER LIMITED,DIESEL,18199,8.21,7.07,1.14,16.15,216,185.96,30.04,16.15,7.93,6.87,1.06,15.35,208.63,180.87,27.76,15.35
2022,SKODA,PETROL/ELECTRIC,6033,5.38,1.15,4.23,367.42,122.45,26.2,96.25,367.42,5.53,1.15,4.38,379.98,125.95,26.24,99.71,379.98
2022,FORD WERKE GMBH,PETROL/ELECTRIC,27927,4.91,1.17,3.74,321.17,111.87,26.56,85.31,321.17,5.15,1.2,3.96,330.21,117.42,27.29,90.13,330.21
2021,SEAT,PETROL,65027,7.23,6.17,1.06,17.17,164.73,140.58,24.14,17.17,7.17,6.21,0.97,15.56,163.43,141.42,22,15.56
2021,MAGYAR SUZUKI,PETROL/ELECTRIC,1,4.11,0.97,3.14,325.34,93.57,22,71.57,325.34,4.11,0.97,3.14,325.34,93.57,22,71.57,325.34
2023,FORD WERKE GMBH,PETROL,70524,6.84,5.66,1.18,20.93,155.84,128.86,26.97,20.93,6.72,5.61,1.11,19.83,153.03,127.71,25.32,19.83
2023,AUDI AG,PETROL/ELECTRIC,3609,6.93,1.61,5.32,330.35,157.91,36.69,121.22,330.35,7.24,1.6,5.64,352.78,164.82,36.4,128.42,352.78
2021,RENAULT,PETROL/ELECTRIC,26415,4.35,1.41,2.94,208.12,98.99,32.13,66.86,208.12,4.55,1.4,3.15,225.16,103.71,31.9,71.81,225.16
2023,MERCEDES-BENZ AG,PETROL/ELECTRIC,36661,5.44,0.99,4.45,449.82,123.85,22.53,101.33,449.82,5.56,0.94,4.62,493,126.72,21.37,105.35,493
2022,STELLANTIS EUROPE,PETROL/ELECTRIC,9921,6.56,1.97,4.59,233.26,149.33,44.81,104.52,233.26,6.77,1.97,4.8,244.11,154.29,44.84,109.45,244.11
2023,SKODA,PETROL,19474,7.26,6.13,1.14,18.53,165.4,139.55,25.86,18.53,7.1,6.2,0.9,14.5,161.66,141.19,20.47,14.5
2023,HYUNDAI,PETROL,1,7.76,5.84,1.92,32.92,176.78,133,43.78,32.92,7.76,5.84,1.92,32.92,176.78,133,43.78,32.92
2021,VOLVO,PETROL,31907,8.16,7.24,0.92,12.71,185.89,164.92,20.96,12.71,8.09,7.26,0.83,11.41,184.2,165.34,18.86,11.41
2021,VOLKSWAGEN,PETROL/ELECTRIC,14412,5.07,1.31,3.75,286,115.44,29.91,85.53,286,5.48,1.4,4.08,290.93,124.79,31.92,92.87,290.93
2023,STELLANTIS AUTO,PETROL/ELECTRIC,2761,5.48,1.23,4.26,346.54,124.91,27.97,96.94,346.54,5.61,1.23,4.38,356.92,127.71,27.95,99.76,356.92
2021,BMW GMBH,PETROL,4042,14.34,11.1,3.24,29.22,326.63,252.78,73.85,29.22,14.13,11.26,2.87,25.48,321.9,256.53,65.37,25.48
2022,KIA SLOVAKIA,DIESEL,1252,5.57,5.11,0.46,9.02,146.51,134.38,12.13,9.02,5.3,5.09,0.22,4.25,139.56,133.87,5.69,4.25
2021,NISSAN AUTOMOTIVE EUROPE,PETROL,19151,7.4,6.14,1.26,20.52,168.6,139.89,28.71,20.52,7.28,6.16,1.12,18.24,165.83,140.25,25.58,18.24
2021,VOLKSWAGEN,PETROL,225858,7.07,6.19,0.88,14.17,161.06,141.07,19.99,14.17,6.99,6.21,0.78,12.56,159.23,141.46,17.77,12.56
2023,MASERATI,PETROL,4,17.54,11.83,5.71,48.28,399.63,269.5,130.13,48.28,16.74,11.88,4.86,40.9,381.3,270.61,110.69,40.9
2023,FERRARI,PETROL,284,18.91,12.6,6.31,50.1,430.81,287.02,143.79,50.1,17.07,12.09,4.98,41.2,388.75,275.32,113.43,41.2
2023,AUTOMOBILES PEUGEOT,PETROL/ELECTRIC,560,5.65,1.3,4.35,334.75,128.77,29.62,99.15,334.75,5.93,1.3,4.63,356.95,135.12,29.57,105.55,356.95
2023,FERRARI,PETROL/ELECTRIC,427,18.67,6.66,12.01,180.13,425.3,151.82,273.48,180.13,17.37,6.65,10.71,161.04,395.61,151.55,244.06,161.04
2023,STELLANTIS AUTO,PETROL,8555,6.82,5.58,1.24,22.25,155.28,127.02,28.26,22.25,6.68,5.61,1.07,19.13,152.18,127.74,24.43,19.13
2022,MASERATI,PETROL,2351,12.7,9.82,2.88,29.37,289.3,223.63,65.67,29.37,12.4,9.73,2.67,27.44,282.55,221.71,60.84,27.44
2022,MERCEDES-BENZ AG,DIESEL/ELECTRIC,29011,6.18,1.31,4.87,371.07,162.6,34.52,128.08,371.07,6.32,1.33,4.99,376.11,166.15,34.9,131.25,376.11
2021,CHRYSLER,PETROL,15817,8.74,7.33,1.41,19.19,199.05,167.01,32.05,19.19,8.58,7.32,1.25,17.1,195.35,166.82,28.52,17.1
2021,SUBARU,PETROL,326,8.72,8.17,0.56,6.82,198.71,186.03,12.68,6.82,8.72,8.2,0.53,6.42,198.73,186.75,11.98,6.42
2022,STELLANTIS AUTO,PETROL/ELECTRIC,15541,5.33,1.3,4.03,310.95,121.35,29.53,91.82,310.95,5.5,1.31,4.19,319.73,125.23,29.84,95.4,319.73
2023,DACIA,PETROL,125439,6.99,5.51,1.48,26.87,159.22,125.5,33.72,26.87,6.81,5.52,1.29,23.32,155.12,125.79,29.34,23.32
2021,FORD MOTOR COMPANY,PETROL,1250,14.14,11.6,2.54,21.93,322.21,264.26,57.95,21.93,13.88,11.58,2.3,19.86,316.27,263.86,52.41,19.86
2022,MITSUBISHI MOTORS CORPORATION,PETROL/ELECTRIC,339,6.27,2.02,4.25,210.57,142.86,46,96.86,210.57,6.64,2.02,4.62,228.69,151.2,46,105.2,228.69
2022,AUTOMOBILES PEUGEOT,DIESEL,14163,6.33,5.44,0.89,16.38,166.49,143.06,23.43,16.38,6.27,5.41,0.86,15.98,165.03,142.29,22.74,15.98
2021,FERRARI,PETROL/ELECTRIC,216,20.16,6.87,13.3,193.62,459.33,156.44,302.89,193.62,19.17,6.85,12.32,179.99,436.71,155.98,280.74,179.99
2021,SEAT,PETROL/ELECTRIC,16459,4.91,1.34,3.57,266.76,111.78,30.48,81.3,266.76,5.07,1.34,3.73,278.15,115.59,30.57,85.02,278.15
2021,TOYOTA,PETROL/ELECTRIC,6781,3.59,0.98,2.62,268.23,81.82,22.22,59.6,268.23,3.82,0.98,2.84,289.91,86.92,22.29,64.63,289.91
2023,VOLVO,PETROL,5517,8.02,6.84,1.19,17.33,182.81,155.81,26.99,17.33,7.84,6.87,0.97,14.12,178.64,156.54,22.1,14.12
2023,AUTOMOBILES PEUGEOT,DIESEL,2287,6.38,5.56,0.82,14.71,167.93,146.39,21.54,14.71,6.27,5.53,0.74,13.32,164.86,145.48,19.38,13.32
2023,SAIC MOTOR CORPORATION,PETROL,2008,8.07,6.9,1.17,17,183.83,157.12,26.71,17,7.87,6.93,0.94,13.58,179.36,157.91,21.45,13.58
2022,STELLANTIS EUROPE,DIESEL,22616,5.85,4.89,0.97,19.78,153.98,128.56,25.43,19.78,5.81,4.9,0.92,18.71,152.93,128.83,24.1,18.71
2022,FERRARI,PETROL,945,16.58,11.51,5.07,44.09,377.64,262.1,115.55,44.09,15.33,11.31,4.01,35.46,349.14,257.74,91.4,35.46
2021,VOLVO,PETROL/ELECTRIC,62961,6.5,2.26,4.24,188.02,148.02,51.39,96.63,188.02,6.82,2.28,4.54,199.42,155.4,51.9,103.5,199.42
2021,MASERATI,PETROL,791,13.51,10.84,2.67,24.66,307.81,246.91,60.9,24.66,13.27,10.87,2.39,22.03,302.19,247.64,54.55,22.03
2022,GENERAL MOTORS HOLDINGS,PETROL,236,13.61,11.52,2.09,18.19,310.08,262.36,47.72,18.19,13.03,11.16,1.88,16.81,296.89,254.16,42.73,16.81
2021,MAZDA EUROPE,PETROL,682,7.1,5.71,1.4,24.44,161.84,130.05,31.79,24.44,6.2,5.67,0.53,9.34,141.29,129.21,12.07,9.34
2022,AUDI SPORT,PETROL,3983,11.46,10.67,0.78,7.32,260.96,243.17,17.8,7.32,9.07,10.46,-1.39,-13.29,206.62,238.28,-31.67,-13.29
2021,RENAULT,DIESEL,52824,5.98,5.09,0.89,17.44,157.25,133.89,23.36,17.44,5.91,5.09,0.82,16.18,155.46,133.8,21.66,16.18
2023,STELLANTIS EUROPE,PETROL/ELECTRIC,1350,6.62,1.96,4.66,238.04,150.88,44.63,106.24,238.04,6.82,1.96,4.86,247.27,155.33,44.73,110.6,247.27
2021,ALFA ROMEO,DIESEL,8780,7.41,5.85,1.56,26.62,194.91,153.93,40.98,26.62,7.33,5.85,1.48,25.28,192.91,153.99,38.92,25.28
2021,KIA,PETROL/ELECTRIC,1272,4.94,1.57,3.37,214.36,112.62,35.83,76.8,214.36,5.16,1.58,3.57,225.78,117.44,36.05,81.39,225.78
2023,CHRYSLER,PETROL,2397,7.1,5.94,1.15,19.38,161.65,135.41,26.24,19.38,6.95,5.95,1,16.74,158.33,135.63,22.7,16.74
2023,SUBARU,PETROL,63,8.66,8.23,0.43,5.2,197.34,187.59,9.75,5.2,8.36,8.25,0.11,1.3,190.38,187.93,2.44,1.3
2023,HYUNDAI CZECH,DIESEL,5,6.48,5.06,1.41,27.9,170.37,133.2,37.17,27.9,6.12,5.03,1.09,21.71,161.07,132.33,28.73,21.71
